{"cameraMode":{"drawMode":0,"name":"Shaded","section":"Shading Mode"},"sceneLighting":true,"audioPlay":false,"sceneViewState":{"showFog":true,"showMaterialUpdate":false,"showSkybox":true,"showFlares":true,"showImageEffects":true,"showParticleSystems":true},"in2DMode":false,"pivot":{"x":-0.013680040836334229,"y":1.1730996370315552,"z":-0.06033856421709061},"rotation":{"x":0.32541558146476748,"y":-0.09822449088096619,"z":0.03400878608226776,"w":0.9398404955863953},"size":2.140357255935669,"orthographic":false}