{"cameraMode":{"drawMode":0,"name":"Shaded","section":"Shading Mode"},"sceneLighting":true,"audioPlay":false,"sceneViewState":{"showFog":true,"showMaterialUpdate":false,"showSkybox":true,"showFlares":true,"showImageEffects":true,"showParticleSystems":true},"in2DMode":false,"pivot":{"x":-9.311304092407227,"y":-5.04388427734375,"z":9.046689987182618},"rotation":{"x":0.32541558146476748,"y":-0.09822449088096619,"z":0.03400878608226776,"w":0.9398404955863953},"size":41.25754165649414,"orthographic":false}